timestamp,img_path,mouse_x,mouse_y,button,key,xp
2025-04-22T15:07:10.515635,data\screenshots\20250422_150710_365182.png,2740,510,Button.left,,
2025-04-22T15:07:16.065852,data\screenshots\20250422_150715_965851.png,2896,490,Button.left,,
2025-04-22T15:07:20.775906,data\screenshots\20250422_150720_489337.png,2819,688,Button.left,,
2025-04-22T15:07:31.680514,data\screenshots\20250422_150731_589510.png,2734,441,Button.left,,
2025-04-22T15:07:35.350496,data\screenshots\20250422_150735_146496.png,3627,767,Button.right,,
2025-04-22T15:07:36.185496,data\screenshots\20250422_150736_150821.png,3613,828,Button.left,,
2025-04-22T15:07:38.409757,data\screenshots\20250422_150738_188747.png,2866,377,Button.left,,
2025-04-22T15:07:38.666157,data\screenshots\20250422_150738_693427.png,2880,399,Button.left,,
2025-04-22T15:07:42.528460,data\screenshots\20250422_150742_290460.png,2735,509,Button.left,,
2025-04-22T15:07:45.891739,data\screenshots\20250422_150745_812745.png,2697,649,Button.left,,
2025-04-22T15:07:54.856198,data\screenshots\20250422_150754_842198.png,319,277,Button.left,,
2025-04-22T15:10:31.216291,data\screenshots\20250422_151031_217290.png,2814,566,Button.left,,,data\xp_crops\20250422_151031_217290.png
2025-04-22T15:10:34.180011,data\screenshots\20250422_151034_171489.png,2962,505,Button.left,,,data\xp_crops\20250422_151034_171489.png
2025-04-22T15:10:35.974009,data\screenshots\20250422_151036_010010.png,2877,486,Button.left,,,data\xp_crops\20250422_151036_010010.png
2025-04-22T15:10:38.328174,data\screenshots\20250422_151038_288176.png,2844,434,Button.left,,,data\xp_crops\20250422_151038_288176.png
2025-04-22T15:10:41.254472,data\screenshots\20250422_151041_260469.png,2992,459,Button.left,,,data\xp_crops\20250422_151041_260469.png
2025-04-22T15:10:44.994183,data\screenshots\20250422_151044_932144.png,2948,627,Button.left,,,data\xp_crops\20250422_151044_932144.png
2025-04-22T15:10:58.516617,data\screenshots\20250422_151058_466604.png,3707,930,Button.left,,,data\xp_crops\20250422_151058_466604.png
2025-04-22T15:54:20.054421,data\screenshots\20250422_155420_223938.png,2806,460,Button.left,
2025-04-22T15:54:23.370041,data\screenshots\20250422_155423_369043.png,2807,256,Button.left,
2025-04-22T16:05:24.773466,data\screenshots\20250422_160524_807466.png,2902,455,Button.left,
2025-04-22T16:05:44.727284,data\screenshots\20250422_160544_736283.png,2911,356,Button.left,
2025-04-22T16:06:02.790533,data\screenshots\20250422_160603_172813.png,,,,Key.space
2025-04-22T16:06:04.140908,data\screenshots\20250422_160604_636051.png,,,,Key.space
2025-04-22T16:06:05.807580,data\screenshots\20250422_160606_105581.png,3627,761,Button.left,
2025-04-22T16:06:06.833056,data\screenshots\20250422_160606_922054.png,2734,370,Button.left,
2025-04-22T16:06:08.333899,data\screenshots\20250422_160608_394920.png,,,,'a'
2025-04-22T16:06:08.550159,data\screenshots\20250422_160609_125014.png,,,,'w'
2025-04-22T16:06:08.644898,data\screenshots\20250422_160609_125014.png,,,,'d'
2025-04-22T16:06:10.109597,data\screenshots\20250422_160610_597810.png,,,,Key.backspace
2025-04-22T16:06:10.253597,data\screenshots\20250422_160610_597810.png,,,,Key.backspace
2025-04-22T16:06:10.341598,data\screenshots\20250422_160610_597810.png,,,,Key.backspace
2025-04-22T16:06:11.527060,data\screenshots\20250422_160612_069714.png,2769,384,Button.left,
2025-04-22T16:06:11.750968,data\screenshots\20250422_160612_069714.png,,,,Key.left
2025-04-22T16:06:11.861430,data\screenshots\20250422_160612_069714.png,,,,Key.right
2025-04-22T16:06:12.149708,data\screenshots\20250422_160612_069714.png,,,,Key.right
2025-04-22T16:06:12.909056,data\screenshots\20250422_160612_812077.png,,,,Key.left
2025-04-22T16:06:13.053247,data\screenshots\20250422_160613_561087.png,,,,Key.down
2025-04-22T16:06:13.261089,data\screenshots\20250422_160613_561087.png,,,,Key.up
2025-04-22T16:06:13.365087,data\screenshots\20250422_160613_561087.png,,,,Key.right
2025-04-22T16:06:13.997087,data\screenshots\20250422_160614_295475.png,,,,Key.left
2025-04-22T16:06:14.069478,data\screenshots\20250422_160614_295475.png,,,,Key.down
2025-04-22T16:06:14.566002,data\screenshots\20250422_160615_031453.png,,,,Key.up
2025-04-22T16:06:14.798367,data\screenshots\20250422_160615_031453.png,,,,Key.left
2025-04-22T16:06:19.112843,data\screenshots\20250422_160619_466451.png,2659,515,Button.left,
2025-04-22T16:06:20.173961,data\screenshots\20250422_160620_202491.png,,,,Key.right
2025-04-22T16:06:20.414087,data\screenshots\20250422_160620_933333.png,,,,Key.left
2025-04-22T16:06:20.765561,data\screenshots\20250422_160620_933333.png,,,,Key.left
2025-04-22T16:06:20.861179,data\screenshots\20250422_160620_933333.png,,,,Key.down
2025-04-22T16:06:21.918576,data\screenshots\20250422_160621_740579.png,,,,Key.up
2025-04-22T16:06:22.117518,data\screenshots\20250422_160622_523557.png,,,,Key.right
2025-04-22T16:06:23.048577,data\screenshots\20250422_160623_263097.png,2875,346,Button.left,
2025-04-22T16:06:23.902010,data\screenshots\20250422_160624_012033.png,,,,Key.right
2025-04-22T16:06:29.007362,data\screenshots\20250422_160629_267954.png,2964,392,Button.left,
2025-04-22T16:06:29.549998,data\screenshots\20250422_160630_017000.png,,,,Key.left
2025-04-22T16:06:30.686146,data\screenshots\20250422_160630_783146.png,,,,Key.left
2025-04-22T16:06:30.981819,data\screenshots\20250422_160631_542611.png,,,,Key.down
2025-04-22T16:06:31.109818,data\screenshots\20250422_160631_542611.png,,,,Key.left
2025-04-22T16:06:31.205820,data\screenshots\20250422_160631_542611.png,,,,Key.up
2025-04-22T16:06:32.118046,data\screenshots\20250422_160632_290599.png,,,,Key.left
2025-04-22T16:06:32.853042,data\screenshots\20250422_160633_042043.png,,,,Key.right
2025-04-22T16:06:42.841134,data\screenshots\20250422_160642_910133.png,2952,464,Button.left,
2025-04-22T16:06:44.301649,data\screenshots\20250422_160644_422484.png,,,,Key.left
2025-04-22T16:06:44.710172,data\screenshots\20250422_160645_167023.png,,,,Key.right
2025-04-22T16:06:46.725126,data\screenshots\20250422_160646_679118.png,3000,475,Button.left,
2025-04-22T16:06:47.133411,data\screenshots\20250422_160647_432410.png,,,,Key.right
2025-04-22T16:06:47.478411,data\screenshots\20250422_160647_432410.png,,,,Key.down
2025-04-22T16:06:47.678412,data\screenshots\20250422_160648_199496.png,,,,Key.up
2025-04-22T16:06:47.766435,data\screenshots\20250422_160648_199496.png,,,,Key.right
2025-04-22T16:06:50.997278,data\screenshots\20250422_160651_209277.png,2824,319,Button.left,
2025-04-22T16:06:51.330316,data\screenshots\20250422_160651_209277.png,,,,Key.right
2025-04-22T16:06:52.013739,data\screenshots\20250422_160652_040736.png,,,,Key.right
2025-04-22T16:06:52.830694,data\screenshots\20250422_160652_789861.png,,,,Key.right
2025-04-22T16:06:53.429975,data\screenshots\20250422_160653_538529.png,,,,Key.right
2025-04-22T16:06:54.717632,data\screenshots\20250422_160655_039985.png,,,,Key.right
2025-04-22T16:06:54.949987,data\screenshots\20250422_160655_039985.png,,,,Key.up
2025-04-22T16:06:55.786976,data\screenshots\20250422_160655_785977.png,2964,229,Button.left,
2025-04-22T16:06:56.981643,data\screenshots\20250422_160657_285232.png,,,,Key.right
2025-04-22T16:06:58.821449,data\screenshots\20250422_160658_771450.png,,,,Key.right
2025-04-22T16:06:59.877386,data\screenshots\20250422_160700_279011.png,,,,Key.right
2025-04-22T16:07:00.734248,data\screenshots\20250422_160701_030946.png,,,,Key.right
2025-04-22T16:07:01.333946,data\screenshots\20250422_160701_774166.png,,,,Key.right
2025-04-22T16:07:04.503200,data\screenshots\20250422_160704_737718.png,2956,606,Button.left,
2025-04-22T16:07:04.773538,data\screenshots\20250422_160704_737718.png,,,,Key.right
2025-04-22T16:07:06.409390,data\screenshots\20250422_160706_219355.png,2902,568,Button.left,
2025-04-22T16:07:06.901031,data\screenshots\20250422_160707_181078.png,,,,Key.down
2025-04-22T16:07:07.053839,data\screenshots\20250422_160707_181078.png,,,,Key.left
2025-04-22T16:07:07.333087,data\screenshots\20250422_160707_181078.png,,,,Key.up
2025-04-22T16:07:07.414098,data\screenshots\20250422_160707_940107.png,,,,Key.right
2025-04-22T16:07:07.661096,data\screenshots\20250422_160707_940107.png,,,,Key.left
2025-04-22T16:07:08.149106,data\screenshots\20250422_160708_687076.png,,,,Key.left
2025-04-22T16:07:08.317107,data\screenshots\20250422_160708_687076.png,,,,Key.down
2025-04-22T16:07:09.229413,data\screenshots\20250422_160709_439704.png,2864,200,Button.left,
2025-04-22T16:07:11.842014,data\screenshots\20250422_160711_690013.png,2503,178,Button.left,
2025-04-22T16:07:12.198211,data\screenshots\20250422_160712_450210.png,,,,Key.right
2025-04-22T16:07:13.021789,data\screenshots\20250422_160713_211779.png,,,,Key.right
2025-04-22T16:07:14.062191,data\screenshots\20250422_160713_959296.png,,,,Key.right
2025-04-22T16:07:16.212994,data\screenshots\20250422_160716_204994.png,,,,Key.left
2025-04-22T16:07:16.629298,data\screenshots\20250422_160716_958296.png,,,,Key.left
2025-04-22T16:07:16.750297,data\screenshots\20250422_160716_958296.png,,,,Key.up
2025-04-22T16:07:17.021306,data\screenshots\20250422_160716_958296.png,,,,Key.right
2025-04-22T16:07:17.205917,data\screenshots\20250422_160717_708446.png,,,,Key.down
2025-04-22T16:07:17.645900,data\screenshots\20250422_160717_708446.png,,,,Key.right
2025-04-22T16:07:19.139663,data\screenshots\20250422_160719_207662.png,2731,303,Button.left,
2025-04-22T16:07:19.428118,data\screenshots\20250422_160719_958674.png,2761,353,Button.left,
2025-04-22T16:07:20.293379,data\screenshots\20250422_160720_717010.png,,,,Key.right
2025-04-22T16:07:21.102021,data\screenshots\20250422_160721_474227.png,,,,Key.right
2025-04-22T16:07:21.998050,data\screenshots\20250422_160722_227422.png,,,,Key.left
2025-04-22T16:07:24.465121,data\screenshots\20250422_160724_483121.png,2684,388,Button.left,
2025-04-22T16:07:26.205506,data\screenshots\20250422_160726_726691.png,,,,Key.left
2025-04-22T16:07:26.406000,data\screenshots\20250422_160726_726691.png,,,,Key.right
2025-04-22T16:07:27.030595,data\screenshots\20250422_160727_476676.png,,,,Key.right
2025-04-22T16:07:32.067709,data\screenshots\20250422_160731_945688.png,2722,405,Button.left,
2025-04-22T16:07:32.445868,data\screenshots\20250422_160732_683866.png,,,,Key.left
2025-04-22T16:07:33.781516,data\screenshots\20250422_160734_182634.png,,,,Key.left
2025-04-22T16:07:33.981535,data\screenshots\20250422_160734_182634.png,,,,Key.right
2025-04-22T16:07:35.731221,data\screenshots\20250422_160735_691219.png,2908,391,Button.left,
2025-04-22T16:07:44.011816,data\screenshots\20250422_160743_898804.png,2968,403,Button.left,
2025-04-22T16:07:44.365719,data\screenshots\20250422_160744_646887.png,,,,Key.right
2025-04-22T16:07:45.117545,data\screenshots\20250422_160745_393060.png,,,,Key.left
2025-04-22T16:07:45.397059,data\screenshots\20250422_160745_393060.png,,,,Key.right
2025-04-22T16:07:47.626719,data\screenshots\20250422_160747_624718.png,2754,390,Button.left,
2025-04-22T16:07:48.157544,data\screenshots\20250422_160748_378688.png,,,,Key.left
2025-04-22T16:07:48.358098,data\screenshots\20250422_160748_378688.png,,,,Key.right
2025-04-22T16:07:51.197473,data\screenshots\20250422_160751_359472.png,2704,489,Button.left,
2025-04-22T16:07:51.677985,data\screenshots\20250422_160752_194277.png,,,,Key.left
2025-04-22T16:07:52.077538,data\screenshots\20250422_160752_194277.png,,,,Key.right
2025-04-22T16:07:56.661747,data\screenshots\20250422_160756_673745.png,2580,530,Button.left,
2025-04-22T16:07:57.645296,data\screenshots\20250422_160758_175296.png,,,,Key.left
2025-04-22T16:07:57.861297,data\screenshots\20250422_160758_175296.png,,,,Key.right
2025-04-22T16:07:58.078296,data\screenshots\20250422_160758_175296.png,,,,Key.up
2025-04-22T16:07:58.373296,data\screenshots\20250422_160758_915146.png,,,,Key.down
2025-04-22T16:08:00.801188,data\screenshots\20250422_160801_141668.png,2798,392,Button.left,
2025-04-22T16:08:01.518247,data\screenshots\20250422_160801_897263.png,,,,Key.left
2025-04-22T16:08:02.693088,data\screenshots\20250422_160802_637676.png,2803,454,Button.left,
2025-04-22T16:08:05.343395,data\screenshots\20250422_160805_610233.png,2964,417,Button.left,
2025-04-22T16:08:05.790304,data\screenshots\20250422_160806_362305.png,,,,Key.right
2025-04-22T16:08:06.678459,data\screenshots\20250422_160807_184709.png,,,,Key.right
2025-04-22T16:08:06.981681,data\screenshots\20250422_160807_184709.png,,,,Key.left
2025-04-22T16:08:07.278450,data\screenshots\20250422_160807_184709.png,,,,Key.right
2025-04-22T16:08:08.645120,data\screenshots\20250422_160808_677120.png,2506,466,Button.left,
2025-04-22T16:08:10.837485,data\screenshots\20250422_160810_914484.png,,,,Key.left
2025-04-22T16:08:11.509774,data\screenshots\20250422_160811_670320.png,,,,Key.left
2025-04-22T16:08:11.766012,data\screenshots\20250422_160811_670320.png,,,,Key.up
2025-04-22T16:08:11.981596,data\screenshots\20250422_160812_412506.png,,,,Key.down
2025-04-22T16:08:13.371129,data\screenshots\20250422_160813_877573.png,2726,422,Button.left,
2025-04-22T16:08:14.653719,data\screenshots\20250422_160814_611715.png,,,,Key.left
2025-04-22T16:08:19.404146,data\screenshots\20250422_160819_785958.png,2885,420,Button.left,
2025-04-22T16:08:19.742041,data\screenshots\20250422_160819_785958.png,,,,Key.right
2025-04-22T16:08:20.405691,data\screenshots\20250422_160820_528425.png,,,,Key.right
2025-04-22T16:08:22.463118,data\screenshots\20250422_160822_887394.png,2647,347,Button.left,
2025-04-22T16:08:22.797520,data\screenshots\20250422_160822_887394.png,,,,Key.left
2025-04-22T16:08:23.701985,data\screenshots\20250422_160823_613434.png,,,,Key.left
2025-04-22T16:08:24.347952,data\screenshots\20250422_160824_347952.png,,,,Key.up
2025-04-22T16:08:24.542001,data\screenshots\20250422_160825_083123.png,,,,Key.left
2025-04-22T16:08:25.038124,data\screenshots\20250422_160825_083123.png,,,,Key.down
2025-04-22T16:08:25.893258,data\screenshots\20250422_160825_814250.png,,,,Key.up
2025-04-22T16:08:26.917813,data\screenshots\20250422_160827_279837.png,,,,Key.down
2025-04-22T16:08:29.168243,data\screenshots\20250422_160829_480460.png,3024,79,Button.left,
2025-04-22T16:11:24.385141,data\screenshots\20250422_161124_347201.png,3092,404,Button.left,,data\xp_crops\20250422_161124_347201.png
2025-04-22T16:11:24.670653,data\screenshots\20250422_161125_112806.png,,,,Key.right,data\xp_crops\20250422_161125_112806.png
2025-04-22T16:11:24.941749,data\screenshots\20250422_161125_112806.png,,,,Key.down,data\xp_crops\20250422_161125_112806.png
2025-04-22T16:11:25.151817,data\screenshots\20250422_161125_112806.png,,,,Key.up,data\xp_crops\20250422_161125_112806.png
2025-04-22T16:11:25.221817,data\screenshots\20250422_161125_112806.png,,,,Key.right,data\xp_crops\20250422_161125_112806.png
2025-04-22T16:11:25.646064,data\screenshots\20250422_161125_872080.png,,,,Key.down,data\xp_crops\20250422_161125_872080.png
2025-04-22T16:11:25.750065,data\screenshots\20250422_161125_872080.png,,,,Key.right,data\xp_crops\20250422_161125_872080.png
2025-04-22T16:11:25.950586,data\screenshots\20250422_161125_872080.png,,,,Key.up,data\xp_crops\20250422_161125_872080.png
2025-04-22T16:11:26.062587,data\screenshots\20250422_161126_634597.png,,,,Key.right,data\xp_crops\20250422_161126_634597.png
2025-04-22T16:11:27.865486,data\screenshots\20250422_161128_147534.png,3175,417,Button.left,,data\xp_crops\20250422_161128_147534.png
2025-04-22T16:11:28.894670,data\screenshots\20250422_161128_899689.png,,,,Key.right,data\xp_crops\20250422_161128_899689.png
2025-04-22T16:11:32.648279,data\screenshots\20250422_161132_649877.png,2580,259,Button.left,,data\xp_crops\20250422_161132_649877.png
2025-04-22T16:11:35.470832,data\screenshots\20250422_161135_665415.png,,,,Key.left,data\xp_crops\20250422_161135_665415.png
2025-04-22T16:11:37.400590,data\screenshots\20250422_161137_926589.png,2710,387,Button.left,,data\xp_crops\20250422_161137_926589.png
2025-04-22T16:11:37.686462,data\screenshots\20250422_161137_926589.png,,,,Key.left,data\xp_crops\20250422_161137_926589.png
2025-04-22T16:11:44.282213,data\screenshots\20250422_161144_796345.png,2801,314,Button.left,,data\xp_crops\20250422_161144_796345.png
2025-04-22T16:11:46.638090,data\screenshots\20250422_161147_044182.png,,,,Key.left,data\xp_crops\20250422_161147_044182.png
2025-04-22T16:11:53.656268,data\screenshots\20250422_161153_841846.png,2968,423,Button.left,,data\xp_crops\20250422_161153_841846.png
2025-04-22T16:11:53.989364,data\screenshots\20250422_161153_841846.png,,,,Key.right,data\xp_crops\20250422_161153_841846.png
2025-04-22T16:11:54.390608,data\screenshots\20250422_161154_723665.png,,,,Key.left,data\xp_crops\20250422_161154_723665.png
2025-04-22T16:11:54.629666,data\screenshots\20250422_161154_723665.png,,,,Key.right,data\xp_crops\20250422_161154_723665.png
2025-04-22T16:11:56.891919,data\screenshots\20250422_161157_001543.png,2908,481,Button.left,,data\xp_crops\20250422_161157_001543.png
2025-04-22T16:12:01.797959,data\screenshots\20250422_161202_276667.png,2836,310,Button.left,,data\xp_crops\20250422_161202_276667.png
2025-04-22T16:12:02.814749,data\screenshots\20250422_161203_030177.png,,,,Key.right,data\xp_crops\20250422_161203_030177.png
2025-04-22T16:12:03.694625,data\screenshots\20250422_161203_779648.png,,,,Key.left,data\xp_crops\20250422_161203_779648.png
2025-04-22T16:12:03.936642,data\screenshots\20250422_161203_779648.png,,,,Key.right,data\xp_crops\20250422_161203_779648.png
2025-04-22T16:12:05.772420,data\screenshots\20250422_161206_043418.png,2660,428,Button.left,,data\xp_crops\20250422_161206_043418.png
2025-04-22T16:12:09.393996,data\screenshots\20250422_161209_885119.png,2863,312,Button.left,,data\xp_crops\20250422_161209_885119.png
2025-04-22T16:12:10.142209,data\screenshots\20250422_161210_630084.png,,,,Key.left,data\xp_crops\20250422_161210_630084.png
2025-04-22T16:12:10.406408,data\screenshots\20250422_161210_630084.png,,,,Key.right,data\xp_crops\20250422_161210_630084.png
2025-04-22T16:12:12.800421,data\screenshots\20250422_161212_886242.png,3021,417,Button.left,,data\xp_crops\20250422_161212_886242.png
2025-04-22T16:12:13.326067,data\screenshots\20250422_161213_632688.png,,,,Key.left,data\xp_crops\20250422_161213_632688.png
2025-04-22T16:12:16.397639,data\screenshots\20250422_161216_652857.png,2763,396,Button.left,,data\xp_crops\20250422_161216_652857.png
2025-04-22T16:12:19.947811,data\screenshots\20250422_161220_397356.png,2962,410,Button.left,,data\xp_crops\20250422_161220_397356.png
2025-04-22T16:12:20.150336,data\screenshots\20250422_161220_397356.png,,,,Key.right,data\xp_crops\20250422_161220_397356.png
2025-04-22T16:12:20.693835,data\screenshots\20250422_161221_152569.png,,,,Key.right,data\xp_crops\20250422_161221_152569.png
2025-04-22T16:12:20.854830,data\screenshots\20250422_161221_152569.png,,,,Key.down,data\xp_crops\20250422_161221_152569.png
2025-04-22T16:12:21.037801,data\screenshots\20250422_161221_152569.png,,,,Key.right,data\xp_crops\20250422_161221_152569.png
2025-04-22T16:12:21.110802,data\screenshots\20250422_161221_152569.png,,,,Key.up,data\xp_crops\20250422_161221_152569.png
2025-04-22T16:12:23.800622,data\screenshots\20250422_161224_167622.png,2667,325,Button.left,,data\xp_crops\20250422_161224_167622.png
2025-04-22T16:12:32.563656,data\screenshots\20250422_161233_024605.png,3721,24,Button.left,,data\xp_crops\20250422_161233_024605.png
2025-04-22T16:12:34.310016,data\screenshots\20250422_161234_534017.png,2769,386,Button.left,,data\xp_crops\20250422_161234_534017.png
2025-04-22T16:12:34.591017,data\screenshots\20250422_161234_534017.png,,,,Key.right,data\xp_crops\20250422_161234_534017.png
2025-04-22T16:12:34.918138,data\screenshots\20250422_161235_278460.png,,,,Key.right,data\xp_crops\20250422_161235_278460.png
2025-04-22T16:12:35.022274,data\screenshots\20250422_161235_278460.png,,,,Key.down,data\xp_crops\20250422_161235_278460.png
2025-04-22T16:12:35.270455,data\screenshots\20250422_161235_278460.png,,,,Key.up,data\xp_crops\20250422_161235_278460.png
2025-04-22T16:12:35.358343,data\screenshots\20250422_161235_278460.png,,,,Key.right,data\xp_crops\20250422_161235_278460.png
2025-04-22T16:12:35.950232,data\screenshots\20250422_161236_028009.png,,,,Key.right,data\xp_crops\20250422_161236_028009.png
2025-04-22T16:12:36.045872,data\screenshots\20250422_161236_028009.png,,,,Key.down,data\xp_crops\20250422_161236_028009.png
2025-04-22T16:12:36.294595,data\screenshots\20250422_161236_783160.png,,,,Key.up,data\xp_crops\20250422_161236_783160.png
2025-04-22T16:12:36.366593,data\screenshots\20250422_161236_783160.png,,,,Key.right,data\xp_crops\20250422_161236_783160.png
2025-04-22T16:12:36.878278,data\screenshots\20250422_161236_783160.png,,,,Key.right,data\xp_crops\20250422_161236_783160.png
2025-04-22T16:12:37.246715,data\screenshots\20250422_161237_534990.png,,,,Key.down,data\xp_crops\20250422_161237_534990.png
2025-04-22T16:12:37.350825,data\screenshots\20250422_161237_534990.png,,,,Key.right,data\xp_crops\20250422_161237_534990.png
2025-04-22T16:12:37.987575,data\screenshots\20250422_161238_299896.png,2997,377,Button.left,,data\xp_crops\20250422_161238_299896.png
2025-04-22T16:12:38.118577,data\screenshots\20250422_161238_299896.png,,,,Key.right,data\xp_crops\20250422_161238_299896.png
2025-04-22T16:12:38.526885,data\screenshots\20250422_161239_042760.png,,,,Key.up,data\xp_crops\20250422_161239_042760.png
2025-04-22T16:12:38.670555,data\screenshots\20250422_161239_042760.png,,,,Key.right,data\xp_crops\20250422_161239_042760.png
2025-04-22T16:12:39.990713,data\screenshots\20250422_161240_560303.png,,,,Key.right,data\xp_crops\20250422_161240_560303.png
2025-04-22T16:12:40.445966,data\screenshots\20250422_161240_560303.png,,,,Key.down,data\xp_crops\20250422_161240_560303.png
2025-04-22T16:12:40.574299,data\screenshots\20250422_161240_560303.png,,,,Key.right,data\xp_crops\20250422_161240_560303.png
2025-04-22T16:12:40.702300,data\screenshots\20250422_161240_560303.png,,,,Key.up,data\xp_crops\20250422_161240_560303.png
2025-04-22T16:12:42.217840,data\screenshots\20250422_161242_805015.png,2943,431,Button.left,,data\xp_crops\20250422_161242_805015.png
2025-04-22T16:12:42.446052,data\screenshots\20250422_161242_805015.png,,,,Key.right,data\xp_crops\20250422_161242_805015.png
2025-04-22T16:12:45.838150,data\screenshots\20250422_161245_830209.png,,,,Key.right,data\xp_crops\20250422_161245_830209.png
2025-04-22T16:12:46.166662,data\screenshots\20250422_161246_577085.png,,,,Key.right,data\xp_crops\20250422_161246_577085.png
2025-04-22T16:12:46.278658,data\screenshots\20250422_161246_577085.png,,,,Key.down,data\xp_crops\20250422_161246_577085.png
2025-04-22T16:12:46.535661,data\screenshots\20250422_161246_577085.png,,,,Key.up,data\xp_crops\20250422_161246_577085.png
2025-04-22T16:12:46.719086,data\screenshots\20250422_161246_577085.png,,,,Key.left,data\xp_crops\20250422_161246_577085.png
2025-04-22T16:12:49.493865,data\screenshots\20250422_161249_613588.png,2897,394,Button.left,,data\xp_crops\20250422_161249_613588.png
2025-04-22T16:12:49.792588,data\screenshots\20250422_161249_613588.png,,,,Key.left,data\xp_crops\20250422_161249_613588.png
2025-04-22T16:12:50.806112,data\screenshots\20250422_161251_174984.png,,,,Key.left,data\xp_crops\20250422_161251_174984.png
2025-04-22T16:12:51.421975,data\screenshots\20250422_161251_932388.png,,,,Key.left,data\xp_crops\20250422_161251_932388.png
2025-04-22T16:12:52.455389,data\screenshots\20250422_161252_680387.png,,,,Key.left,data\xp_crops\20250422_161252_680387.png
2025-04-22T16:12:53.118064,data\screenshots\20250422_161253_428720.png,,,,Key.right,data\xp_crops\20250422_161253_428720.png
2025-04-22T16:12:53.333721,data\screenshots\20250422_161253_428720.png,,,,Key.left,data\xp_crops\20250422_161253_428720.png
2025-04-22T16:12:55.102441,data\screenshots\20250422_161255_700160.png,2783,383,Button.left,,data\xp_crops\20250422_161255_700160.png
2025-04-22T16:12:58.324258,data\screenshots\20250422_161258_702797.png,2785,607,Button.left,,data\xp_crops\20250422_161258_702797.png
2025-04-22T16:13:01.705752,data\screenshots\20250422_161301_719768.png,2940,434,Button.left,,data\xp_crops\20250422_161301_719768.png
2025-04-22T16:13:01.870770,data\screenshots\20250422_161301_719768.png,,,,Key.left,data\xp_crops\20250422_161301_719768.png
2025-04-22T16:13:07.428240,data\screenshots\20250422_161307_839542.png,2741,452,Button.left,,data\xp_crops\20250422_161307_839542.png
2025-04-22T16:13:07.750076,data\screenshots\20250422_161307_839542.png,,,,Key.down,data\xp_crops\20250422_161307_839542.png
2025-04-22T16:13:07.911053,data\screenshots\20250422_161307_839542.png,,,,Key.right,data\xp_crops\20250422_161307_839542.png
2025-04-22T16:13:08.093837,data\screenshots\20250422_161308_595950.png,,,,Key.left,data\xp_crops\20250422_161308_595950.png
2025-04-22T16:13:08.325837,data\screenshots\20250422_161308_595950.png,,,,Key.up,data\xp_crops\20250422_161308_595950.png
2025-04-22T16:13:09.758475,data\screenshots\20250422_161310_101212.png,,,,Key.right,data\xp_crops\20250422_161310_101212.png
2025-04-22T16:13:11.128614,data\screenshots\20250422_161311_618207.png,2951,340,Button.left,,data\xp_crops\20250422_161311_618207.png
2025-04-22T16:13:12.263068,data\screenshots\20250422_161312_362797.png,,,,Key.right,data\xp_crops\20250422_161312_362797.png
2025-04-22T16:13:14.622334,data\screenshots\20250422_161314_629889.png,2786,398,Button.left,,data\xp_crops\20250422_161314_629889.png
2025-04-22T16:13:15.616751,data\screenshots\20250422_161316_136315.png,2529,251,Button.right,,data\xp_crops\20250422_161316_136315.png
2025-04-22T16:13:17.601618,data\screenshots\20250422_161317_651146.png,3059,361,Button.left,,data\xp_crops\20250422_161317_651146.png
2025-04-22T16:13:19.406767,data\screenshots\20250422_161319_909767.png,,,,Key.right,data\xp_crops\20250422_161319_909767.png
2025-04-22T16:13:20.454112,data\screenshots\20250422_161320_741492.png,,,,Key.left,data\xp_crops\20250422_161320_741492.png
2025-04-22T16:13:21.783858,data\screenshots\20250422_161322_260104.png,2884,382,Button.left,,data\xp_crops\20250422_161322_260104.png
2025-04-22T16:13:22.021830,data\screenshots\20250422_161322_260104.png,,,,Key.left,data\xp_crops\20250422_161322_260104.png
2025-04-22T16:13:22.549984,data\screenshots\20250422_161323_027388.png,,,,Key.down,data\xp_crops\20250422_161323_027388.png
2025-04-22T16:13:22.879390,data\screenshots\20250422_161323_027388.png,,,,Key.up,data\xp_crops\20250422_161323_027388.png
2025-04-22T16:13:24.875819,data\screenshots\20250422_161325_275070.png,3271,385,Button.left,,data\xp_crops\20250422_161325_275070.png
2025-04-22T16:13:29.486681,data\screenshots\20250422_161329_811449.png,,,,Key.right,data\xp_crops\20250422_161329_811449.png
2025-04-22T16:13:34.563568,data\screenshots\20250422_161335_073598.png,2411,228,Button.left,,data\xp_crops\20250422_161335_073598.png
2025-04-22T16:13:37.526339,data\screenshots\20250422_161337_368398.png,,,,Key.right,data\xp_crops\20250422_161337_368398.png
2025-04-22T16:13:37.886340,data\screenshots\20250422_161338_128442.png,,,,Key.right,data\xp_crops\20250422_161338_128442.png
2025-04-22T16:13:41.351795,data\screenshots\20250422_161341_890016.png,2573,388,Button.left,,data\xp_crops\20250422_161341_890016.png
2025-04-22T16:13:41.630743,data\screenshots\20250422_161341_890016.png,,,,Key.left,data\xp_crops\20250422_161341_890016.png
2025-04-22T16:13:49.972240,data\screenshots\20250422_161350_153239.png,3655,482,Button.left,,data\xp_crops\20250422_161350_153239.png
2025-04-22T16:17:46.454891,data\screenshots\20250422_161746_655976.png,2969,365,Button.left,,data\xp_crops\20250422_161746_655976.png
2025-04-22T16:17:47.078819,data\screenshots\20250422_161747_434014.png,,,,Key.right,data\xp_crops\20250422_161747_434014.png
2025-04-22T16:17:47.711562,data\screenshots\20250422_161748_196624.png,,,,Key.right,data\xp_crops\20250422_161748_196624.png
2025-04-22T16:17:50.828139,data\screenshots\20250422_161751_267239.png,2993,314,Button.left,,data\xp_crops\20250422_161751_267239.png
2025-04-22T16:17:55.675041,data\screenshots\20250422_161755_894015.png,2436,517,Button.left,,data\xp_crops\20250422_161755_894015.png
2025-04-22T16:18:03.827208,data\screenshots\20250422_161804_320575.png,2703,465,Button.left,,data\xp_crops\20250422_161804_320575.png
2025-04-22T16:18:04.115212,data\screenshots\20250422_161804_320575.png,2654,480,Button.left,,data\xp_crops\20250422_161804_320575.png
2025-04-22T16:18:08.072389,data\screenshots\20250422_161808_170864.png,2754,369,Button.left,,data\xp_crops\20250422_161808_170864.png
2025-04-22T16:18:12.293304,data\screenshots\20250422_161812_757581.png,2924,429,Button.left,,data\xp_crops\20250422_161812_757581.png
2025-04-22T16:18:15.570434,data\screenshots\20250422_161815_938305.png,2764,367,Button.left,,data\xp_crops\20250422_161815_938305.png
2025-04-22T16:18:15.650259,data\screenshots\20250422_161815_938305.png,2764,367,Button.left,,data\xp_crops\20250422_161815_938305.png
2025-04-22T16:18:27.921429,data\screenshots\20250422_161828_060624.png,2677,518,Button.left,,data\xp_crops\20250422_161828_060624.png
2025-04-22T16:18:41.266528,data\screenshots\20250422_161841_713551.png,2808,350,Button.left,,data\xp_crops\20250422_161841_713551.png
2025-04-22T16:18:47.887123,data\screenshots\20250422_161847_748934.png,2777,559,Button.left,,data\xp_crops\20250422_161847_748934.png
2025-04-22T16:18:56.226500,data\screenshots\20250422_161856_791450.png,2910,387,Button.left,,data\xp_crops\20250422_161856_791450.png
2025-04-22T16:18:56.434534,data\screenshots\20250422_161856_791450.png,2968,390,Button.left,,data\xp_crops\20250422_161856_791450.png
2025-04-22T16:18:56.563319,data\screenshots\20250422_161856_791450.png,2969,390,Button.left,,data\xp_crops\20250422_161856_791450.png
2025-04-22T16:18:59.967333,data\screenshots\20250422_161859_828386.png,2847,379,Button.left,,data\xp_crops\20250422_161859_828386.png
2025-04-22T16:19:00.126467,data\screenshots\20250422_161900_575315.png,2845,383,Button.left,,data\xp_crops\20250422_161900_575315.png
2025-04-22T16:19:04.644536,data\screenshots\20250422_161905_088563.png,2787,524,Button.left,,data\xp_crops\20250422_161905_088563.png
2025-04-22T16:19:07.866597,data\screenshots\20250422_161908_097773.png,2637,553,Button.left,,data\xp_crops\20250422_161908_097773.png
2025-04-22T16:19:09.823090,data\screenshots\20250422_161910_350113.png,,,,Key.right,data\xp_crops\20250422_161910_350113.png
2025-04-22T16:19:09.975217,data\screenshots\20250422_161910_350113.png,,,,Key.down,data\xp_crops\20250422_161910_350113.png
2025-04-22T16:19:10.199489,data\screenshots\20250422_161910_350113.png,,,,Key.up,data\xp_crops\20250422_161910_350113.png
2025-04-22T16:19:10.463411,data\screenshots\20250422_161910_350113.png,,,,Key.down,data\xp_crops\20250422_161910_350113.png
2025-04-22T16:19:10.647411,data\screenshots\20250422_161911_114410.png,,,,Key.up,data\xp_crops\20250422_161911_114410.png
2025-04-22T16:19:10.831412,data\screenshots\20250422_161911_114410.png,,,,Key.down,data\xp_crops\20250422_161911_114410.png
2025-04-22T16:19:10.999410,data\screenshots\20250422_161911_114410.png,,,,Key.up,data\xp_crops\20250422_161911_114410.png
2025-04-22T16:19:11.302998,data\screenshots\20250422_161911_872425.png,,,,Key.up,data\xp_crops\20250422_161911_872425.png
2025-04-22T16:19:11.383078,data\screenshots\20250422_161911_872425.png,,,,Key.right,data\xp_crops\20250422_161911_872425.png
2025-04-22T16:19:11.655812,data\screenshots\20250422_161911_872425.png,,,,Key.down,data\xp_crops\20250422_161911_872425.png
2025-04-22T16:19:11.983017,data\screenshots\20250422_161911_872425.png,,,,Key.up,data\xp_crops\20250422_161911_872425.png
2025-04-22T16:19:12.055017,data\screenshots\20250422_161912_624974.png,,,,Key.right,data\xp_crops\20250422_161912_624974.png
2025-04-22T16:19:12.535142,data\screenshots\20250422_161912_624974.png,,,,Key.left,data\xp_crops\20250422_161912_624974.png
2025-04-22T16:19:12.743604,data\screenshots\20250422_161912_624974.png,,,,Key.right,data\xp_crops\20250422_161912_624974.png
2025-04-22T16:19:12.944926,data\screenshots\20250422_161913_387356.png,,,,Key.up,data\xp_crops\20250422_161913_387356.png
2025-04-22T16:19:13.103356,data\screenshots\20250422_161913_387356.png,,,,Key.left,data\xp_crops\20250422_161913_387356.png
2025-04-22T16:19:13.359355,data\screenshots\20250422_161913_387356.png,,,,Key.down,data\xp_crops\20250422_161913_387356.png
2025-04-22T16:19:13.662355,data\screenshots\20250422_161914_149868.png,,,,Key.left,data\xp_crops\20250422_161914_149868.png
2025-04-22T16:19:13.866357,data\screenshots\20250422_161914_149868.png,,,,Key.right,data\xp_crops\20250422_161914_149868.png
2025-04-22T16:19:14.046869,data\screenshots\20250422_161914_149868.png,,,,Key.up,data\xp_crops\20250422_161914_149868.png
2025-04-22T16:19:14.262869,data\screenshots\20250422_161914_149868.png,,,,Key.left,data\xp_crops\20250422_161914_149868.png
2025-04-22T16:19:14.695478,data\screenshots\20250422_161914_911480.png,,,,Key.right,data\xp_crops\20250422_161914_911480.png
2025-04-22T16:19:14.759479,data\screenshots\20250422_161914_911480.png,,,,Key.right,data\xp_crops\20250422_161914_911480.png
2025-04-22T16:19:15.301589,data\screenshots\20250422_161915_676588.png,2997,485,Button.left,,data\xp_crops\20250422_161915_676588.png
2025-04-22T16:19:15.183561,data\screenshots\20250422_161915_676588.png,,,,Key.down,data\xp_crops\20250422_161915_676588.png
2025-04-22T16:19:15.310589,data\screenshots\20250422_161915_676588.png,,,,Key.right,data\xp_crops\20250422_161915_676588.png
2025-04-22T16:19:15.791590,data\screenshots\20250422_161915_676588.png,,,,Key.right,data\xp_crops\20250422_161915_676588.png
2025-04-22T16:19:15.895287,data\screenshots\20250422_161916_449960.png,,,,Key.up,data\xp_crops\20250422_161916_449960.png
2025-04-22T16:19:19.838870,data\screenshots\20250422_161920_249631.png,,,,Key.right,data\xp_crops\20250422_161920_249631.png
2025-04-22T16:19:20.031920,data\screenshots\20250422_161920_249631.png,,,,Key.left,data\xp_crops\20250422_161920_249631.png
2025-04-22T16:19:20.222627,data\screenshots\20250422_161920_249631.png,,,,Key.right,data\xp_crops\20250422_161920_249631.png
2025-04-22T16:19:20.335639,data\screenshots\20250422_161920_249631.png,,,,Key.up,data\xp_crops\20250422_161920_249631.png
2025-04-22T16:19:20.607339,data\screenshots\20250422_161921_019006.png,,,,Key.left,data\xp_crops\20250422_161921_019006.png
2025-04-22T16:19:26.622892,data\screenshots\20250422_161927_147394.png,2755,300,Button.left,,data\xp_crops\20250422_161927_147394.png
2025-04-22T16:19:26.783008,data\screenshots\20250422_161927_147394.png,2755,300,Button.left,,data\xp_crops\20250422_161927_147394.png
2025-04-22T16:19:29.895355,data\screenshots\20250422_161930_285538.png,,,,Key.right,data\xp_crops\20250422_161930_285538.png
2025-04-22T16:19:30.063364,data\screenshots\20250422_161930_285538.png,,,,Key.down,data\xp_crops\20250422_161930_285538.png
2025-04-22T16:19:30.095365,data\screenshots\20250422_161930_285538.png,,,,Key.right,data\xp_crops\20250422_161930_285538.png
2025-04-22T16:19:30.247284,data\screenshots\20250422_161930_285538.png,,,,Key.up,data\xp_crops\20250422_161930_285538.png
2025-04-22T16:19:31.112586,data\screenshots\20250422_161931_040581.png,2959,427,Button.left,,data\xp_crops\20250422_161931_040581.png
2025-04-22T16:19:30.440539,data\screenshots\20250422_161931_040581.png,,,,Key.left,data\xp_crops\20250422_161931_040581.png
2025-04-22T16:19:30.639691,data\screenshots\20250422_161931_040581.png,,,,Key.left,data\xp_crops\20250422_161931_040581.png
2025-04-22T16:19:31.258587,data\screenshots\20250422_161931_808714.png,2961,424,Button.left,,data\xp_crops\20250422_161931_808714.png
2025-04-22T16:19:31.639597,data\screenshots\20250422_161931_808714.png,,,,Key.left,data\xp_crops\20250422_161931_808714.png
2025-04-22T16:19:31.799713,data\screenshots\20250422_161931_808714.png,,,,Key.right,data\xp_crops\20250422_161931_808714.png
2025-04-22T16:19:31.998667,data\screenshots\20250422_161932_578797.png,,,,Key.up,data\xp_crops\20250422_161932_578797.png
2025-04-22T16:19:32.166705,data\screenshots\20250422_161932_578797.png,,,,Key.right,data\xp_crops\20250422_161932_578797.png
2025-04-22T16:19:32.495798,data\screenshots\20250422_161932_578797.png,,,,Key.up,data\xp_crops\20250422_161932_578797.png
2025-04-22T16:19:32.591114,data\screenshots\20250422_161932_578797.png,,,,Key.right,data\xp_crops\20250422_161932_578797.png
2025-04-22T16:19:32.943115,data\screenshots\20250422_161933_353441.png,,,,Key.down,data\xp_crops\20250422_161933_353441.png
2025-04-22T16:19:33.119259,data\screenshots\20250422_161933_353441.png,,,,Key.right,data\xp_crops\20250422_161933_353441.png
2025-04-22T16:19:33.135262,data\screenshots\20250422_161933_353441.png,,,,Key.up,data\xp_crops\20250422_161933_353441.png
2025-04-22T16:19:35.062635,data\screenshots\20250422_161935_633152.png,2988,417,Button.left,,data\xp_crops\20250422_161935_633152.png
2025-04-22T16:19:35.558874,data\screenshots\20250422_161935_633152.png,,,,Key.left,data\xp_crops\20250422_161935_633152.png
2025-04-22T16:19:35.759330,data\screenshots\20250422_161935_633152.png,,,,Key.right,data\xp_crops\20250422_161935_633152.png
2025-04-22T16:19:36.071381,data\screenshots\20250422_161936_398350.png,,,,Key.down,data\xp_crops\20250422_161936_398350.png
2025-04-22T16:19:36.223349,data\screenshots\20250422_161936_398350.png,,,,Key.left,data\xp_crops\20250422_161936_398350.png
2025-04-22T16:19:36.423615,data\screenshots\20250422_161936_398350.png,,,,Key.right,data\xp_crops\20250422_161936_398350.png
2025-04-22T16:19:36.559683,data\screenshots\20250422_161937_160262.png,,,,Key.up,data\xp_crops\20250422_161937_160262.png
2025-04-22T16:19:36.919119,data\screenshots\20250422_161937_160262.png,,,,Key.left,data\xp_crops\20250422_161937_160262.png
2025-04-22T16:19:37.159685,data\screenshots\20250422_161937_160262.png,,,,Key.right,data\xp_crops\20250422_161937_160262.png
2025-04-22T16:19:37.983035,data\screenshots\20250422_161937_931042.png,,,,Key.right,data\xp_crops\20250422_161937_931042.png
2025-04-22T16:19:38.214987,data\screenshots\20250422_161938_693464.png,,,,Key.left,data\xp_crops\20250422_161938_693464.png
2025-04-22T16:19:38.424048,data\screenshots\20250422_161938_693464.png,,,,Key.up,data\xp_crops\20250422_161938_693464.png
2025-04-22T16:19:38.647466,data\screenshots\20250422_161938_693464.png,,,,Key.right,data\xp_crops\20250422_161938_693464.png
2025-04-22T16:19:39.333414,data\screenshots\20250422_161939_447524.png,2825,444,Button.left,,data\xp_crops\20250422_161939_447524.png
2025-04-22T16:19:39.039332,data\screenshots\20250422_161939_447524.png,,,,Key.up,data\xp_crops\20250422_161939_447524.png
2025-04-22T16:19:39.727330,data\screenshots\20250422_161940_214480.png,,,,Key.right,data\xp_crops\20250422_161940_214480.png
2025-04-22T16:19:39.999480,data\screenshots\20250422_161940_214480.png,,,,Key.left,data\xp_crops\20250422_161940_214480.png
2025-04-22T16:19:40.231481,data\screenshots\20250422_161940_214480.png,,,,Key.right,data\xp_crops\20250422_161940_214480.png
2025-04-22T16:19:40.679333,data\screenshots\20250422_161940_987056.png,,,,Key.left,data\xp_crops\20250422_161940_987056.png
2025-04-22T16:19:40.895343,data\screenshots\20250422_161940_987056.png,,,,Key.right,data\xp_crops\20250422_161940_987056.png
2025-04-22T16:19:41.079059,data\screenshots\20250422_161940_987056.png,,,,Key.up,data\xp_crops\20250422_161940_987056.png
2025-04-22T16:19:41.295058,data\screenshots\20250422_161941_747448.png,,,,Key.right,data\xp_crops\20250422_161941_747448.png
2025-04-22T16:19:41.536057,data\screenshots\20250422_161941_747448.png,,,,Key.left,data\xp_crops\20250422_161941_747448.png
2025-04-22T16:19:41.823115,data\screenshots\20250422_161941_747448.png,,,,Key.up,data\xp_crops\20250422_161941_747448.png
2025-04-22T16:19:42.760848,data\screenshots\20250422_161943_269387.png,2789,518,Button.left,,data\xp_crops\20250422_161943_269387.png
2025-04-22T16:19:42.999373,data\screenshots\20250422_161943_269387.png,,,,Key.left,data\xp_crops\20250422_161943_269387.png
2025-04-22T16:19:43.191386,data\screenshots\20250422_161943_269387.png,,,,Key.down,data\xp_crops\20250422_161943_269387.png
2025-04-22T16:19:43.447386,data\screenshots\20250422_161944_046440.png,,,,Key.left,data\xp_crops\20250422_161944_046440.png
2025-04-22T16:19:43.535384,data\screenshots\20250422_161944_046440.png,,,,Key.up,data\xp_crops\20250422_161944_046440.png
2025-04-22T16:19:44.215441,data\screenshots\20250422_161944_046440.png,,,,Key.right,data\xp_crops\20250422_161944_046440.png
2025-04-22T16:19:46.574432,data\screenshots\20250422_161947_158592.png,2728,516,Button.left,,data\xp_crops\20250422_161947_158592.png
2025-04-22T16:19:47.087590,data\screenshots\20250422_161947_158592.png,2841,552,Button.left,,data\xp_crops\20250422_161947_158592.png
2025-04-22T16:19:47.984556,data\screenshots\20250422_161947_952557.png,2771,528,Button.left,,data\xp_crops\20250422_161947_952557.png
2025-04-22T16:19:56.596586,data\screenshots\20250422_161957_181546.png,2638,504,Button.left,,data\xp_crops\20250422_161957_181546.png
2025-04-22T16:20:01.059222,data\screenshots\20250422_162001_109092.png,2887,373,Button.left,,data\xp_crops\20250422_162001_109092.png
2025-04-22T16:20:05.127235,data\screenshots\20250422_162005_707809.png,2788,483,Button.left,,data\xp_crops\20250422_162005_707809.png
2025-04-22T16:20:05.558759,data\screenshots\20250422_162005_707809.png,,,,Key.left,data\xp_crops\20250422_162005_707809.png
2025-04-22T16:20:06.304797,data\screenshots\20250422_162006_470936.png,,,,Key.left,data\xp_crops\20250422_162006_470936.png
2025-04-22T16:20:08.067268,data\screenshots\20250422_162008_004130.png,2852,346,Button.left,,data\xp_crops\20250422_162008_004130.png
2025-04-22T16:20:14.813695,data\screenshots\20250422_162014_902571.png,2776,472,Button.left,,data\xp_crops\20250422_162014_902571.png
2025-04-22T16:20:17.665475,data\screenshots\20250422_162017_921024.png,2371,511,Button.left,,data\xp_crops\20250422_162017_921024.png
2025-04-22T16:20:23.031383,data\screenshots\20250422_162023_241946.png,2898,341,Button.left,,data\xp_crops\20250422_162023_241946.png
2025-04-22T16:20:23.503604,data\screenshots\20250422_162023_992718.png,,,,Key.left,data\xp_crops\20250422_162023_992718.png
2025-04-22T16:20:24.768528,data\screenshots\20250422_162024_767547.png,,,,Key.left,data\xp_crops\20250422_162024_767547.png
2025-04-22T16:20:24.951536,data\screenshots\20250422_162025_527606.png,,,,Key.right,data\xp_crops\20250422_162025_527606.png
2025-04-22T16:20:25.591608,data\screenshots\20250422_162025_527606.png,,,,Key.right,data\xp_crops\20250422_162025_527606.png
2025-04-22T16:20:26.169454,data\screenshots\20250422_162026_276968.png,,,,Key.right,data\xp_crops\20250422_162026_276968.png
2025-04-22T16:47:26.300452,data\screenshots\20250422_164726_331450.png,3738,851,Button.left,,data\xp_crops\20250422_164726_331450.png
2025-04-22T16:47:26.410451,data\screenshots\20250422_164726_331450.png,,,,Key.left,data\xp_crops\20250422_164726_331450.png
2025-04-22T16:47:26.794449,data\screenshots\20250422_164727_090540.png,,,,Key.up,data\xp_crops\20250422_164727_090540.png
2025-04-22T16:47:27.050540,data\screenshots\20250422_164727_090540.png,,,,Key.down,data\xp_crops\20250422_164727_090540.png
2025-04-22T16:47:27.146541,data\screenshots\20250422_164727_090540.png,,,,Key.right,data\xp_crops\20250422_164727_090540.png
2025-04-22T16:47:27.484541,data\screenshots\20250422_164727_845241.png,2811,498,Button.left,,data\xp_crops\20250422_164727_845241.png
2025-04-22T16:47:31.940413,data\screenshots\20250422_164732_374341.png,2886,589,Button.left,,data\xp_crops\20250422_164732_374341.png
2025-04-22T16:47:36.482800,data\screenshots\20250422_164737_008466.png,2966,555,Button.left,,data\xp_crops\20250422_164737_008466.png
2025-04-22T16:47:41.802503,data\screenshots\20250422_164742_265650.png,2829,455,Button.right,,data\xp_crops\20250422_164742_265650.png
2025-04-22T16:47:46.230419,data\screenshots\20250422_164746_767501.png,2753,569,Button.right,,data\xp_crops\20250422_164746_767501.png
2025-04-22T16:47:46.711957,data\screenshots\20250422_164746_767501.png,2746,592,Button.left,,data\xp_crops\20250422_164746_767501.png
2025-04-22T16:47:56.315629,data\screenshots\20250422_164756_662509.png,2563,553,Button.left,,data\xp_crops\20250422_164756_662509.png
2025-04-22T16:47:58.351907,data\screenshots\20250422_164758_916607.png,2715,470,Button.left,,data\xp_crops\20250422_164758_916607.png
2025-04-22T16:47:58.704673,data\screenshots\20250422_164758_916607.png,2820,482,Button.left,,data\xp_crops\20250422_164758_916607.png
2025-04-22T16:48:26.972180,data\screenshots\20250422_164827_026149.png,2905,516,Button.left,,data\xp_crops\20250422_164827_026149.png
2025-04-22T16:48:31.266708,data\screenshots\20250422_164831_574835.png,2826,500,Button.left,,data\xp_crops\20250422_164831_574835.png
2025-04-22T16:48:40.885762,data\screenshots\20250422_164840_882761.png,2896,504,Button.left,,data\xp_crops\20250422_164840_882761.png
2025-04-22T16:48:55.063904,data\screenshots\20250422_164855_409821.png,2824,515,Button.left,,data\xp_crops\20250422_164855_409821.png
2025-04-22T16:48:59.287933,data\screenshots\20250422_164859_161661.png,3093,474,Button.left,,data\xp_crops\20250422_164859_161661.png
2025-04-22T16:49:14.219635,data\screenshots\20250422_164914_257636.png,2942,544,Button.left,,data\xp_crops\20250422_164914_257636.png
2025-04-22T16:49:54.756789,data\screenshots\20250422_164955_077830.png,2854,421,Button.left,,data\xp_crops\20250422_164955_077830.png
2025-04-22T16:50:59.778505,data\screenshots\20250422_165059_804505.png,2951,531,Button.left,,data\xp_crops\20250422_165059_804505.png
2025-04-22T16:51:06.308452,data\screenshots\20250422_165106_575453.png,2838,480,Button.left,,data\xp_crops\20250422_165106_575453.png
2025-04-22T16:51:07.022962,data\screenshots\20250422_165107_426068.png,2838,480,Button.left,,data\xp_crops\20250422_165107_426068.png
2025-04-22T16:51:30.245292,data\screenshots\20250422_165130_159456.png,2916,559,Button.left,,data\xp_crops\20250422_165130_159456.png
2025-04-22T16:51:42.028591,data\screenshots\20250422_165141_962746.png,2836,488,Button.left,,data\xp_crops\20250422_165141_962746.png
2025-04-22T16:51:48.396758,data\screenshots\20250422_165148_752989.png,2786,518,Button.left,,data\xp_crops\20250422_165148_752989.png
2025-04-22T16:51:54.637076,data\screenshots\20250422_165154_859075.png,2864,576,Button.left,,data\xp_crops\20250422_165154_859075.png
2025-04-22T16:52:07.972573,data\screenshots\20250422_165208_416254.png,2966,568,Button.left,,data\xp_crops\20250422_165208_416254.png
2025-04-22T16:52:18.783047,data\screenshots\20250422_165219_009045.png,2812,450,Button.left,,data\xp_crops\20250422_165219_009045.png
2025-04-22T16:52:28.084199,data\screenshots\20250422_165228_036197.png,2853,637,Button.left,,data\xp_crops\20250422_165228_036197.png
2025-04-22T16:52:53.863998,data\screenshots\20250422_165254_264998.png,2981,551,Button.left,,data\xp_crops\20250422_165254_264998.png
2025-04-22T16:52:55.962511,data\screenshots\20250422_165256_544075.png,2808,558,Button.right,,data\xp_crops\20250422_165256_544075.png
2025-04-22T16:53:03.027202,data\screenshots\20250422_165303_249977.png,2778,564,Button.right,,data\xp_crops\20250422_165303_249977.png
2025-04-22T16:53:03.586773,data\screenshots\20250422_165304_002300.png,2775,588,Button.right,,data\xp_crops\20250422_165304_002300.png
2025-04-22T16:53:04.084291,data\screenshots\20250422_165304_002300.png,2816,465,Button.left,,data\xp_crops\20250422_165304_002300.png
2025-04-22T16:53:14.372823,data\screenshots\20250422_165314_557404.png,2759,525,Button.left,,data\xp_crops\20250422_165314_557404.png
2025-04-22T16:53:37.711126,data\screenshots\20250422_165337_601123.png,2982,558,Button.left,,data\xp_crops\20250422_165337_601123.png
2025-04-22T16:53:39.728758,data\screenshots\20250422_165339_932749.png,3419,1031,Button.left,,data\xp_crops\20250422_165339_932749.png
2025-04-22T16:53:46.033288,data\screenshots\20250422_165345_975266.png,3479,1021,Button.left,,data\xp_crops\20250422_165345_975266.png
2025-04-22T16:53:48.914943,data\screenshots\20250422_165348_995942.png,,,,Key.left,data\xp_crops\20250422_165348_995942.png
2025-04-22T16:53:49.011946,data\screenshots\20250422_165348_995942.png,,,,Key.down,data\xp_crops\20250422_165348_995942.png
2025-04-22T16:53:49.211944,data\screenshots\20250422_165349_744414.png,,,,Key.up,data\xp_crops\20250422_165349_744414.png
2025-04-22T16:53:49.522868,data\screenshots\20250422_165349_744414.png,,,,Key.left,data\xp_crops\20250422_165349_744414.png
2025-04-22T16:53:49.651868,data\screenshots\20250422_165349_744414.png,,,,Key.right,data\xp_crops\20250422_165349_744414.png
2025-04-22T16:53:49.939415,data\screenshots\20250422_165350_496690.png,,,,Key.down,data\xp_crops\20250422_165350_496690.png
2025-04-22T16:53:50.035417,data\screenshots\20250422_165350_496690.png,,,,Key.right,data\xp_crops\20250422_165350_496690.png
2025-04-22T16:53:51.043164,data\screenshots\20250422_165351_250113.png,,,,Key.left,data\xp_crops\20250422_165351_250113.png
2025-04-22T16:53:51.803122,data\screenshots\20250422_165352_006695.png,,,,Key.right,data\xp_crops\20250422_165352_006695.png
2025-04-22T16:53:56.878513,data\screenshots\20250422_165357_399997.png,2862,160,Button.left,,data\xp_crops\20250422_165357_399997.png
2025-04-22T17:07:01.432581,data\screenshots\20250422_170701_687579.png,2809,518,Button.left,,data\xp_crops\20250422_170701_687579.png
2025-04-22T17:07:11.099866,data\screenshots\20250422_170711_476507.png,2798,596,Button.left,,data\xp_crops\20250422_170711_476507.png
2025-04-22T17:08:04.692677,data\screenshots\20250422_170805_192983.png,2950,500,Button.left,,data\xp_crops\20250422_170805_192983.png
2025-04-22T17:08:14.022266,data\screenshots\20250422_170814_194718.png,2967,512,Button.left,,data\xp_crops\20250422_170814_194718.png
2025-04-22T17:08:14.376311,data\screenshots\20250422_170814_949542.png,2952,525,Button.left,,data\xp_crops\20250422_170814_949542.png
2025-04-22T17:08:31.562909,data\screenshots\20250422_170831_650908.png,2953,550,Button.left,,data\xp_crops\20250422_170831_650908.png
2025-04-22T17:08:39.331218,data\screenshots\20250422_170839_255283.png,2947,527,Button.left,,data\xp_crops\20250422_170839_255283.png
2025-04-22T17:08:46.772900,data\screenshots\20250422_170846_773901.png,,,,Key.space,data\xp_crops\20250422_170846_773901.png
2025-04-22T17:32:20.151294,data\screenshots\20250422_173220_546990.png,2932,511,Button.left,,data\xp_crops\20250422_173220_546990.png
2025-04-22T17:32:20.503992,data\screenshots\20250422_173220_546990.png,,,,Key.right,data\xp_crops\20250422_173220_546990.png
2025-04-22T17:32:21.006551,data\screenshots\20250422_173221_294519.png,,,,Key.right,data\xp_crops\20250422_173221_294519.png
2025-04-22T17:32:21.032552,data\screenshots\20250422_173221_294519.png,,,,Key.down,data\xp_crops\20250422_173221_294519.png
2025-04-22T17:32:21.255269,data\screenshots\20250422_173221_294519.png,,,,Key.up,data\xp_crops\20250422_173221_294519.png
2025-04-22T17:32:21.527614,data\screenshots\20250422_173222_040447.png,,,,Key.up,data\xp_crops\20250422_173222_040447.png
2025-04-22T17:32:27.697686,data\screenshots\20250422_173227_282586.png,2885,606,Button.left,,data\xp_crops\20250422_173227_282586.png
2025-04-22T17:32:41.965300,data\screenshots\20250422_173242_555346.png,2885,594,Button.left,,data\xp_crops\20250422_173242_555346.png
2025-04-22T17:33:18.925464,data\screenshots\20250422_173319_128598.png,3060,685,Button.left,,data\xp_crops\20250422_173319_128598.png
2025-04-22T17:33:19.455602,data\screenshots\20250422_173319_816600.png,3262,543,Button.left,,data\xp_crops\20250422_173319_816600.png
2025-04-22T17:33:39.853344,data\screenshots\20250422_173340_010746.png,3089,542,Button.left,,data\xp_crops\20250422_173340_010746.png
2025-04-22T17:33:43.114221,data\screenshots\20250422_173343_563219.png,2718,639,Button.left,,data\xp_crops\20250422_173343_563219.png
2025-04-22T17:33:49.985478,data\screenshots\20250422_173350_585950.png,2879,608,Button.left,,data\xp_crops\20250422_173350_585950.png
2025-04-22T17:33:54.135504,data\screenshots\20250422_173354_305449.png,2888,608,Button.left,,data\xp_crops\20250422_173354_305449.png
2025-04-22T17:33:55.240844,data\screenshots\20250422_173355_789433.png,2883,600,Button.left,,data\xp_crops\20250422_173355_789433.png
2025-04-22T17:33:59.591020,data\screenshots\20250422_173359_503500.png,2884,598,Button.left,,data\xp_crops\20250422_173359_503500.png
2025-04-22T17:34:00.745506,data\screenshots\20250422_173401_001817.png,2883,590,Button.left,,data\xp_crops\20250422_173401_001817.png
2025-04-22T17:34:05.890943,data\screenshots\20250422_173406_242324.png,2885,594,Button.left,,data\xp_crops\20250422_173406_242324.png
2025-04-22T17:34:18.877092,data\screenshots\20250422_173418_929131.png,2888,600,Button.left,,data\xp_crops\20250422_173418_929131.png
2025-04-22T17:34:29.304395,data\screenshots\20250422_173429_412910.png,2883,603,Button.left,,data\xp_crops\20250422_173429_412910.png
2025-04-22T17:34:33.269181,data\screenshots\20250422_173433_185172.png,3418,1020,Button.left,,data\xp_crops\20250422_173433_185172.png
2025-04-22T17:34:35.359821,data\screenshots\20250422_173435_427513.png,3489,1014,Button.left,,data\xp_crops\20250422_173435_427513.png
2025-04-22T17:34:38.195459,data\screenshots\20250422_173438_406525.png,2878,488,Button.left,,data\xp_crops\20250422_173438_406525.png
2025-04-22T17:34:40.040653,data\screenshots\20250422_173439_901608.png,2803,553,Button.right,,data\xp_crops\20250422_173439_901608.png
2025-04-22T17:34:40.422851,data\screenshots\20250422_173440_646517.png,2857,537,Button.right,,data\xp_crops\20250422_173440_646517.png
2025-04-22T17:34:41.433523,data\screenshots\20250422_173441_393512.png,2696,497,Button.right,,data\xp_crops\20250422_173441_393512.png
2025-04-22T17:34:45.015610,data\screenshots\20250422_173445_203757.png,2811,494,Button.left,,data\xp_crops\20250422_173445_203757.png
2025-04-22T17:34:54.913666,data\screenshots\20250422_173454_861664.png,2914,500,Button.left,,data\xp_crops\20250422_173454_861664.png
2025-04-22T17:35:05.355748,data\screenshots\20250422_173505_366720.png,2805,495,Button.left,,data\xp_crops\20250422_173505_366720.png
2025-04-22T17:35:14.352788,data\screenshots\20250422_173514_380829.png,2933,500,Button.left,,data\xp_crops\20250422_173514_380829.png
2025-04-22T17:35:20.251827,data\screenshots\20250422_173520_395130.png,2835,491,Button.left,,data\xp_crops\20250422_173520_395130.png
2025-04-22T17:35:20.714961,data\screenshots\20250422_173521_141964.png,2826,490,Button.left,,data\xp_crops\20250422_173521_141964.png
2025-04-22T17:35:20.908064,data\screenshots\20250422_173521_141964.png,2820,489,Button.left,,data\xp_crops\20250422_173521_141964.png
2025-04-22T17:35:26.427720,data\screenshots\20250422_173526_346687.png,2941,462,Button.left,,data\xp_crops\20250422_173526_346687.png
2025-04-22T17:35:40.311678,data\screenshots\20250422_173540_352690.png,2804,476,Button.left,,data\xp_crops\20250422_173540_352690.png
2025-04-22T17:35:46.390983,data\screenshots\20250422_173546_988889.png,2921,453,Button.left,,data\xp_crops\20250422_173546_988889.png
2025-04-22T17:36:02.037773,data\screenshots\20250422_173602_495874.png,2774,466,Button.left,,data\xp_crops\20250422_173602_495874.png
2025-04-22T17:36:06.901615,data\screenshots\20250422_173606_912613.png,2882,476,Button.left,,data\xp_crops\20250422_173606_912613.png
2025-04-22T17:36:07.237893,data\screenshots\20250422_173607_646505.png,2910,476,Button.left,,data\xp_crops\20250422_173607_646505.png
2025-04-22T17:36:16.275335,data\screenshots\20250422_173616_782273.png,2798,477,Button.left,,data\xp_crops\20250422_173616_782273.png
2025-04-22T17:36:28.424033,data\screenshots\20250422_173628_563893.png,2912,478,Button.left,,data\xp_crops\20250422_173628_563893.png
2025-04-22T17:36:29.993926,data\screenshots\20250422_173630_136543.png,2795,603,Button.right,,data\xp_crops\20250422_173630_136543.png
2025-04-22T17:36:34.719788,data\screenshots\20250422_173634_601787.png,2179,979,Button.left,,data\xp_crops\20250422_173634_601787.png
